id,type,url,created_at,company,company_url,location,title,description,how_to_apply,company_logo
"32bf67e5-4971-47ce-985c-44b6b3860cdb","Full Time","https://jobs.github.com/positions/32bf67e5-4971-47ce-985c-44b6b3860cdb","Wed May 19 00:49:17 UTC 2021",SweetRush,"https://www.sweetrush.com/",Remote,"Senior Creative Front End Web Developer","<p><strong>SweetRush has an exciting opportunity for an experienced creative front-end developer (full stack is also acceptable) with an eye for graphic and UX design!</strong></p>
<p><strong>ABOUT THE ROLE:</strong></p>
<p>This is an important role on the Engineering and Development department’s Course Development team, and you will be reporting directly to the Course Development team lead.</p>
<p>Historically, the developers most successful in this role contribute to multiple projects at the same time; show a willingness to improve existing techniques, frameworks, and templates; and come up with innovations of their own. You will succeed if you truly enjoy active collaboration with your colleagues and don’t mind stepping in when your help is required.</p>
<p>This is a remote position and a great opportunity to work from home. Candidates from all geographic locations are welcome to apply; however, our development team is mostly based in North and Latin America, and you should be willing to work during our business hours.</p>
<p><strong>REQUIRED SKILLS:</strong></p>
<p><strong>Front end</strong></p>
<ul>
<li>7+ years as a front-end or full-stack developer in a creative environment</li>
<li>Expert-level JavaScript skills—Vanilla JS expertise is as important as the knowledge of frameworks and libraries</li>
<li>High level of competency in HTML5 and CSS3</li>
<li>Familiarity with one or more frameworks, preferably <strong>React and Node.js</strong>
</li>
<li>While React is the most commonly used framework at the moment, your proven ability to quickly harness unfamiliar technology is more important than an intimate knowledge of any of the given frameworks.</li>
<li><strong>Most importantly - you can look at just about any cool effect, interaction, animation, parallax, website on the web, and say - Even if I can’t do this now, I want to try!</strong></li>
<li>Understanding of responsive design and mobile-first principles</li>
</ul>
<p><strong>Soft skills and generic productivity tools</strong></p>
<ul>
<li>Ability to clearly communicate in English</li>
<li>English verbal communication skills are an absolute must because the position requires frequent interaction with peers and clients.</li>
<li>Experience with version control systems such as Git or Subversion</li>
<li>Experience working in a team development environment or demonstrating a capacity to do so</li>
<li>Enjoy learning and experimenting, open to new ideas</li>
</ul>
<p><strong>YOU WILL IMPRESS EVERYONE IF YOU:</strong></p>
<ul>
<li>Have built a learning simulation</li>
<li>Have experience with mobile app development and distribution</li>
<li>Have experience with graphic and UX design</li>
<li>Know anything about Adapt Framework</li>
</ul>
<p><strong>YOU MAY BE EXPECTED TO:</strong></p>
<ul>
<li>Complete a test assignment</li>
<li>Be interviewed by a number of highly judgmental yet supremely talented future colleagues</li>
</ul>
<p><strong>THE ESSENCE OF THE JOB</strong></p>
<p>OK, now that you’ve made it through all the obligatory language, you may be wondering what this position is really all about. Therefore, please read the rest of this job description carefully!</p>
<p>It all boils down to your ability to make a simple claim: <strong>I can do it!</strong></p>
<p>If we show you an interactive website with intricate animations, a complicated menu system, and multiple interdependencies, you should state: <strong>I can do it!</strong></p>
<p>If we need to harness a complex web-based gaming engine and use it for the first time to build a learning simulation, you should confidently assert: <strong>I can do it!</strong></p>
<p>If we need to produce a large volume of digital training materials in a record short period of time, you should answer: <strong>I can do it!</strong></p>
<p>And if we need an adventurous engineer to lead the team in the creation of a system that is completely different from everything we have done before, we’re most definitely looking for the loud <strong>I can do it!</strong></p>
<p>And even more importantly, you must <strong>want to do it</strong>.</p>
<p>SweetRush is a team of winners. These are not empty words. Just check out our impressive industry trophy shelf, which includes this recent success: <a href=""https://www.sweetrush.com/sweetrush-wins-16-awards-brandon-hall-awards-2020"">https://www.sweetrush.com/sweetrush-wins-16-awards-brandon-hall-awards-2020</a>.</p>
<p>As a winner, you will always want the ball. Want to do better. Want to be more creative and efficient. Join us, and let's see if we can win even more by working together!</p>
<p>This is a work-from-home opportunity! We are 100% virtual, and all communications occur over digital channels (Skype/Web Share/email), apart from infrequent on-site meetings. Occasional travel may be required.</p>
<p><strong>Please note: We're all about remote work and have collaborators based all around the world; however, SweetRush is a US-based company, and English is our primary language. If you'd like to be considered for this opportunity, please submit your resume in English.</strong></p>
","<p>If this describes your interests and experience, please submit your current resume and salary requirements through the following link:
<a href=""https://www.sweetrush.com/join-us/"">https://www.sweetrush.com/join-us/</a></p>
","https://jobs.github.com/rails/active_storage/blobs/eyJfcmFpbHMiOnsibWVzc2FnZSI6IkJBaHBBaUtqIiwiZXhwIjpudWxsLCJwdXIiOiJibG9iX2lkIn19--82886ff47e94ff4c0255b95773a9667644768b2b/SR%20Logo.png"
"7638eee4-4e75-4c06-a920-ea7619a311b5","Full Time","https://jobs.github.com/positions/7638eee4-4e75-4c06-a920-ea7619a311b5","Tue May 18 17:12:52 UTC 2021","MANDARIN MEDIEN Gesellschaft für digitale Lösungen mbH","https://www.mandarin-medien.de/",Schwerin,Systemadministrator:in,"<p>2002 sind wir als Internetagentur gestartet. Heute bezeichnen wir uns als Digitalagentur. Das Spielfeld ist heute breiter und greift tiefer in bestehende Geschäftsbereiche ein. In unseren 3 Units MARKETING, DIGITAL &amp; TALENT arbeiten über 80 Macher, Nerds und Kreative nach einem Prinzip: Messbar mehr Erfolg. Das heißt konkret: Klare Ziele. Permanente Optimierung. Transparentes Reporting.</p>
<p><strong>Wer wir sind</strong></p>
<p>Wir sind Zuhörer, Strategen, Kreative, Experten, Kollegen, Freunde, Spaßmacher, keine Großeredenschwinger, Stille, Laute, Sprachgewandte, Texter, Erfolgshungrige, Macher.</p>
<p><strong>WIR HELFEN MENSCHEN UND MARKEN ÜBER SICH HINAUSZUWACHSEN.
WIR SIND MANDARIN MEDIEN!</strong></p>
<p><strong>Das wären Deine Aufgaben</strong></p>
<p>Wir bieten Dir einen freien Platz in unserem IT Team als Systemadministrator:in in unserer Digitalagentur in Schwerin. Mit deinem Team wirst du für unsere Kunden den digitalen Ausbau vorantreiben und die Chance bekommen unsere digitale Unit noch weiter auszubauen und größer werden zu lassen.
Christian, Christoph, Fabrice, Gordon, Gérard, Marcel, Christoph, Moritz, Sebastian &amp; Steffen freuen sich, wenn DU ihr Team komplett machst.</p>
<p><strong>Das wären Deine Aufgaben</strong></p>
<ul>
<li>Erster Ansprechpartner für deine Kunden, via Telefon, E-Mail, Remote oder auch direkt vor Ort</li>
<li>Umgang mit verschiedenen Themen und Umgebungen
z.B: Client-, Server-, Netzwerk- und im Cloudbereich</li>
<li>Fehleranalyse und -beseitigung</li>
<li>Installation, Administration und Wartung von Kundeninfrastruktur</li>
<li>First- und Second-Level Support</li>
<li>Projektbezogene Planung, Vorbereitung und Durchführung</li>
</ul>
<p><strong>Das bringst Du mit</strong></p>
<ul>
<li>Eine abgeschlossene Ausbildung als Fachinformatiker für Systemintegration</li>
<li>Führerschein Klasse B</li>
<li>Kunden- sowie Lösungsorientiertes handeln</li>
<li>Verantwortungsbewusstsein für deine eigenständige Zeiteinteilung</li>
<li>Bereitschaft jeden Tag dazu zu lernen und mit deinen Aufgaben zu wachsen</li>
<li>Spaß an der Arbeit im Team und mit dem Team neue Ideen zu entwickeln</li>
<li>Zertifizierungen im Bereich Microsoft, VMWare und Cisco wünschenswert</li>
</ul>
<p>Klingt ganz schön viel? Nobody is perfect! Wir lernen alle jeden Tag voneinander und nehmen uns jede Woche Zeit für Weiterbildung. Die ein oder andere Fähigkeit kannst Du also auch nach Deinem Start bei uns erlernen oder vertiefen.</p>
<p><strong>Das bieten wir Dir</strong></p>
<ul>
<li>Einen spannenden und anspruchsvollen Agentur-Job in MV</li>
<li>Eine große Bandbreite an Projekten - Handwerk bis Konzern</li>
<li>Ein hervorragendes Arbeitsklima und kurze Entscheidungswege</li>
<li>Zeit für Deine Weiterbildung,  je Woche, plus Budget</li>
<li>Moderne Arbeitsmittel und neueste Programme</li>
<li>Unterstützung Deiner Gesundheit</li>
<li>Möglichkeit eines Fahrtkostenzuschusses</li>
<li>Flexibles Arbeiten - von Zuhause oder einfach mal am Strand</li>
<li>Kreative Denkpausen mit dem Boot auf dem Schweriner See</li>
<li>Teamevents, wie z.B. Grillen, MANDARIN-Kino, Besuch des Weihnachtsmarktes uvm.</li>
<li>Ein Büro mitten in der City sowie leckeres Obst, Kaffee, Tee, Wasser und Mate</li>
</ul>
<p><strong>Kontakt</strong></p>
<p>​​​​​Passt alles für Dich?</p>
<p>Dann sende Deine Bewerbung mit Deinen Vorstellungen zu Gehalt und Urlaub an Corinna Lepsien, <a href=""mailto:jobs@mandarin-medien.de"">jobs@mandarin-medien.de</a>. Falls Du gerade unterwegs bist, kannst Du uns auch einfach einen Link von Deinem Xing- oder LinkedIn Profil schicken.</p>
<p><img src=""https://camo.githubusercontent.com/26c2737b75fe2e3161d0a357a200081f9e8d0243/68747470733a2f2f742e676f686972696e672e636f6d2f682f31306564346231663739316361656138313233643961343663393034333134353938646566643238663733363838366634363661363332383333376361376130""></p>
","<p><a href=""https://t.gohiring.com/h/83f7df34249addb0bebc8dc680310d1ded43220a748ee285e27989a457dd10ea"">Application form</a></p>
","https://jobs.github.com/rails/active_storage/blobs/eyJfcmFpbHMiOnsibWVzc2FnZSI6IkJBaHBBaCtqIiwiZXhwIjpudWxsLCJwdXIiOiJibG9iX2lkIn19--8d0339b9e43b0dca160b9db73b230b6067e39b05/MANDARIN%20MEDIEN%20Gesellschaft%20fu%CC%88r%20digitale%20Lo%CC%88sungen%20mbH.jpeg"
"1f004d5a-ef14-4533-8c0b-5f354978ddae","Full Time","https://jobs.github.com/positions/1f004d5a-ef14-4533-8c0b-5f354978ddae","Tue May 18 17:09:49 UTC 2021","MANDARIN MEDIEN Gesellschaft für digitale Lösungen mbH","https://www.mandarin-medien.de/",Schwerin,"IT-System- und Netzwerkadministrator:in","<p>2002 sind wir als Internetagentur gestartet. Heute bezeichnen wir uns als Digitalagentur. Das Spielfeld ist heute breiter und greift tiefer in bestehende Geschäftsbereiche ein. In unseren 3 Units MARKETING, DIGITAL &amp; TALENT arbeiten über 80 Macher, Nerds und Kreative nach einem Prinzip: Messbar mehr Erfolg. Das heißt konkret: Klare Ziele. Permanente Optimierung. Transparentes Reporting.</p>
<p><strong>Wer wir sind</strong></p>
<p>Wir sind Zuhörer, Strategen, Kreative, Experten, Kollegen, Freunde, Spaßmacher, keine Großeredenschwinger, Stille, Laute, Sprachgewandte, Texter, Erfolgshungrige, Macher.</p>
<p><strong>WIR HELFEN MENSCHEN UND MARKEN ÜBER SICH HINAUSZUWACHSEN.
WIR SIND MANDARIN MEDIEN!</strong></p>
<p><strong>Das wären Deine Aufgaben</strong></p>
<p>Wir bieten Dir einen freien Platz in unserem IT-Team als Systemadministrator:in, in Schwerin. Mit deinem Team wirst du für unsere Kunden moderne IT Landschaften erschaffen, eigenverantwortlich aber immer mit Teamsupport arbeiten, dich persönlich und fachlich immer weiterentwickeln.</p>
<p>Unsere IT-Crew entwickelt und supportet zum Beispiel Netzwerke, Cloud Lösungen, TK Anlagen, Live Streamings von Konferenzen, spezifische Branchensoftware und individuelle Digitalisierungsprojekte für Kunden aus den Branchen: Energieversorgung, Sozial- und Wohlfahrtsverbände, Pflegeeinrichtungen sowie Unternehmen aus den Bereichen Lebensmittelindustrie und Medizintechnik.</p>
<p>Christian, Steffen, Christoph, Fabrice, Gérard, Marcel, Christoph, Moritz, Sebastian &amp;  Gordon freuen sich, wenn DU ihr Team komplett machst.</p>
<p><strong>Das wären Deine Aufgaben</strong></p>
<ul>
<li>Erster Ansprechpartner für deine Kunden, via Telefon, E-Mail, Remote oder auch direkt vor Ort</li>
<li>Umgang mit verschiedenen Themen und Umgebungen
z.B: Client-, Server-, Netzwerk- und im Cloudbereich</li>
<li>Fehleranalyse und -beseitigung</li>
<li>Installation, Administration und Wartung von Kundeninfrastruktur</li>
<li>First- und Second-Level Support</li>
<li>Projektbezogene Planung, Vorbereitung und Durchführung</li>
</ul>
<p><strong>Das bringst Du mit</strong></p>
<ul>
<li>Eine abgeschlossene Ausbildung als Fachinformatiker für Systemintegration</li>
<li>Führerschein Klasse B</li>
<li>Kunden- sowie Lösungsorientiertes handeln</li>
<li>Verantwortungsbewusstsein für deine eigenständige Zeiteinteilung</li>
<li>Bereitschaft jeden Tag dazu zu lernen und mit deinen Aufgaben zu wachsen</li>
<li>Spaß an der Arbeit im Team und mit dem Team neue Ideen zu entwickeln</li>
<li>Zertifizierungen im Bereich Microsoft, VMWare und Cisco wünschenswert</li>
</ul>
<p>Klingt ganz schön viel? Nobody is perfect! Wir lernen alle jeden Tag voneinander und nehmen uns jede Woche Zeit für Weiterbildung. Die ein oder andere Fähigkeit kannst Du also auch nach Deinem Start bei uns erlernen oder vertiefen.</p>
<p><strong>Das bieten wir Dir</strong></p>
<ul>
<li>Einen spannenden und anspruchsvollen Agentur-Job in MV</li>
<li>Eine große Bandbreite an Projekten - Handwerk bis Konzern</li>
<li>Ein hervorragendes Arbeitsklima und kurze Entscheidungswege</li>
<li>Zeit für Deine Weiterbildung,  je Woche, plus Budget</li>
<li>Moderne Arbeitsmittel und neueste Programme</li>
<li>Unterstützung Deiner Gesundheit</li>
<li>Möglichkeit eines Fahrtkostenzuschusses</li>
<li>Flexibles Arbeiten - von Zuhause oder einfach mal am Strand</li>
<li>Kreative Denkpausen mit dem Boot auf dem Schweriner See</li>
<li>Teamevents, wie z.B. Grillen, MANDARIN-Kino, Besuch des Weihnachtsmarktes uvm.</li>
<li>Ein Büro mitten in der City sowie leckeres Obst, Kaffee, Tee, Wasser und Mate</li>
</ul>
<p><strong>Kontakt</strong></p>
<p>Passt alles für Dich?</p>
<p>Dann sende Deine Bewerbung mit Deinen Vorstellungen zu Gehalt und Urlaub an Corinna Lepsien, <a href=""mailto:jobs@mandarin-medien.de"">jobs@mandarin-medien.de</a>. Falls Du gerade unterwegs bist, kannst Du uns auch einfach einen Link von Deinem Xing- oder LinkedIn Profil schicken.</p>
<p><img src=""https://camo.githubusercontent.com/7c8050f30305b6c7e0a255c3a35090adff7c8b0c/68747470733a2f2f742e676f686972696e672e636f6d2f682f62303261636662623138313036343332356430333531393536326135323633336262376136336436326166313763306638313463323663623362646166303565""></p>
","<p><a href=""https://t.gohiring.com/h/5f4466dcc594ef01a23adea56b03b1804a0ed6fae16d790b9758d8192250fb0c"">Application form</a></p>
","https://jobs.github.com/rails/active_storage/blobs/eyJfcmFpbHMiOnsibWVzc2FnZSI6IkJBaHBBaDJqIiwiZXhwIjpudWxsLCJwdXIiOiJibG9iX2lkIn19--8ad2112c9ebe7a1e14f3dee7b448a1c1a37abe03/MANDARIN%20MEDIEN%20Gesellschaft%20fu%CC%88r%20digitale%20Lo%CC%88sungen%20mbH.jpeg"
"8913f893-e6e3-4d50-aaf4-94f8eb479ead","Full Time","https://jobs.github.com/positions/8913f893-e6e3-4d50-aaf4-94f8eb479ead","Tue May 18 17:06:20 UTC 2021","MANDARIN MEDIEN Gesellschaft für digitale Lösungen mbH","https://www.mandarin-medien.de/",Schwerin,"Frontend Entwickler:in","<p>2002 sind wir als Internetagentur gestartet. Heute bezeichnen wir uns als Digitalagentur. Das Spielfeld ist heute breiter und greift tiefer in bestehende Geschäftsbereiche ein. In unseren 3 Units MARKETING, DIGITAL &amp; TALENT arbeiten über 80 Macher, Nerds und Kreative nach einem Prinzip: Messbar mehr Erfolg. Das heißt konkret: Klare Ziele. Permanente Optimierung. Transparentes Reporting.</p>
<p><strong>Wer wir sind</strong></p>
<p>2002 sind wir als Agentur gestartet. Heute arbeiten über 80 Macher, Nerds und Kreative bei uns. Wir sind Strategen, Experten, Zuhörer, Kollegen, Freunde, Aufdenpunktbringer, Sprachgewandte, Texter und Erfolgshungrige.
Gemeinsam entwickeln wir sehr wirkungsvolle Lösungen in den Bereichen Digitales Marketing, Employer Branding und Digitalisierung für Marken, wie Cinestar, Vodafone, Garmin, Wemag und viele mehr. Wir entwickeln Online-Marketing-Strategien, bauen innovative Websites und haben auch sonst die gesamte Vielfalt des Agenturlebens zu bieten.</p>
<p><strong>Das wären Deine Aufgaben</strong></p>
<p><strong>Du willst eine Mandarine werden?</strong>
Du liebst gut bedienbare, gut aussehende und gut funktionierende Websites?
Du liebst es noch mehr, diese selbst zu entwickeln?
Du möchtest mit einem erfahrenen Team aus Anwendungsentwicklern, Konzeptern, Designern, Marketingexperten uvm. arbeiten? Eine Crew hinter dir haben, dir dir das Frontend überlässt?
Dann bist du die perfekte Mandarine im Bereich FRONTEND DEVELOPMENT!</p>
<p><strong>Das bringst Du mit</strong></p>
<p><strong>DAS SOLLTEST DU MITBRINGEN:</strong></p>
<ul>
<li>Fundierte Kenntnisse in HTML,CSS, Javascript</li>
<li>Umgang mit entsprechenden Techniken und Frameworks (React, LESS/SASS, Tailwind, Bootstrap o.ä.)</li>
<li>Eigenständiges Arbeiten, Teamgeist, Kommunikationsfähigkeit</li>
<li>Ein sehr hohes Qualitätsbewusstsein</li>
</ul>
<p><strong>Von Vorteil sind:</strong></p>
<ul>
<li>Grundlegende Programmierkenntnisse z.B. in PHP</li>
<li>Verständnis von OOP</li>
<li>GIT Kenntnisse</li>
<li>Verständnis von Datenbanken, z.B. MySQL</li>
<li>Verständnis von API</li>
<li>Alltagssicheres Englisch</li>
</ul>
<p><strong>Nahezu großartig wären:</strong></p>
<ul>
<li>Drupal 7&amp;8 Kenntnisse</li>
<li>WordPress Erfahrung</li>
<li>Verständnis von Template Engines wie Twig oder Blade</li>
</ul>
<p>Klingt ganz schön viel? Nobody is perfect! Wir lernen jeden Tag voneinander und nehmen uns jede Woche Zeit für Weiterbildung. Die ein oder andere Fähigkeit kannst Du also auch nach Deinem Start bei uns erlernen oder vertiefen.</p>
<p><strong>Das bieten wir Dir</strong></p>
<p><strong>DAS KÖNNEN WIR DIR BIETEN:</strong></p>
<ul>
<li>Einen spannenden und anspruchsvollen Agentur-Job in MV</li>
<li>Eine große Bandbreite an Projekten - Handwerk bis Konzern</li>
<li>Ein hervorragendes Arbeitsklima und kurze Entscheidungswege</li>
<li>4 Stunden Zeit für deine Weiterbildung je Woche plus Budget</li>
<li>Neueste Arbeitsmittel und Programme</li>
<li>Unterstützung deiner Gesundheit</li>
<li>Fahrtkostenzuschuss</li>
<li>Flexible Arbeitsorte</li>
<li>Kreative Denkpausen mit dem Boot auf dem Schweriner See</li>
<li>Teamevents, wie z.B. Grillen, MANDARIN-Kino, Besuch des Weihnachtsmarktes und noch ein paar mehr</li>
<li>Ein Büro mit Blick auf den Schweriner See sowie lecker Obst, Kaffee, Tee, Wasser und Mate</li>
</ul>
<p><strong>Kontakt</strong></p>
<p>Passt alles für Dich? Dann schick deine Bewerbung mit deinen Vorstellungen zu Gehalt und Urlaub an Corinna Lepsien, <a href=""mailto:jobs@mandarin-medien.de"">jobs@mandarin-medien.de</a>. Oder falls du gerade unterwegs bist einfach einen Link zu deinem Xing- oder LinkedIn Profil.</p>
<p><img src=""https://camo.githubusercontent.com/da6ee29a15ea655c323d5f0c1b730031e993f7a6/68747470733a2f2f742e676f686972696e672e636f6d2f682f37306233363363363563343163653431666337333065333861633565626333313838333133653163613361323831303233333738376431333236313139303537""></p>
","<p><a href=""https://t.gohiring.com/h/eaf3f0c97d54fa8a2cc87ea55ba8e9a4ab96c37d6c2f915a3e302cb450ce3602"">Application form</a></p>
","https://jobs.github.com/rails/active_storage/blobs/eyJfcmFpbHMiOnsibWVzc2FnZSI6IkJBaHBBaHVqIiwiZXhwIjpudWxsLCJwdXIiOiJibG9iX2lkIn19--0814678c4cc00f78262bd84da10eed4e7d39f77c/MANDARIN%20MEDIEN%20Gesellschaft%20fu%CC%88r%20digitale%20Lo%CC%88sungen%20mbH.jpeg"
"ed80af1f-d0bb-43ef-8bb4-9eab63fc41ec","Full Time","https://jobs.github.com/positions/ed80af1f-d0bb-43ef-8bb4-9eab63fc41ec","Tue May 18 16:12:42 UTC 2021","Car Registration, Inc. ",,"Elk Grove, Ca - REMOTE","Software Architect/Developer","<p>Car Registration, Inc.</p>
<p>Car Registration, Inc. (CRI) provides comprehensive, online vehicle registration and titling services for consumers who desire or need a DMV alternative.  Currently licensed and bonded under the California DMV’s Business Partner Automation program, CRI successfully processes over 250,000 transactions per year while reducing wait times and allowing the CA DMV to reallocate its resources to other services and administrative tasks.  With CRI, customers can get same-day processing, next-day delivery, and comprehensive telephone and email support.  Through its website, CRI collects fees from vehicle owners, transmits fees to the DMV in real-time, and issues registration cards and stickers to the customer via USPS or express courier.</p>
<p>Job Description
CRI is a leader in providing consumers direct access to DMV services through our online technology. We provide customers the ability to skip the line at the DMV by using our online platform to renew, replace, or transfer their vehicle registration and title. You will join a small but profitable start-up with the ability to shape and grow our software. We are looking for a self-motivated software architect/developer who is comfortable working on a cloud-based full-stack built with Go, PHP, and JavaScript for both customer-facing and internal applications. In your role, you will join a small team of software developers to build new software, new features, and maintain existing functionality.</p>
<p>This is a full-time remote position with a competitive salary and benefits including medical, dental, vision, 401K plan, and more. We are based in Elk Grove, CA. Though you won’t work in the office, we regularly communicate via Slack and Google Meets. Our annual holiday party is fun and inclusive and offers a great opportunity to catch up with the team in person.</p>
<p>Skills &amp; Requirements
●	Ability to design and implement solutions to both frontend and backend problems from a non-technical specification into a finished feature
●	3+ years professional coding with Go, PHP, Python, Ruby, or another server-side scripting language
●	2+ years professional coding with JavaScript
●	3+ years professional experience with SQL database design (PostgreSQL, MySQL, Oracle, or MSSQL)
●	Experience integrating RESTful and/or gRPC APIs
●	Experience with DevOps practices including infrastructure as code, continuous integration, monitoring, and logging
●	Comfortable developing in a Mac or Linux environment
●	Familiarity with event-based functional architectures
●	Familiarity with MVC or MVVM architectures
●	Security-conscious best practices in any software built
●	Team lead experience</p>
<p>Desirable Qualifications
●	1+ year professional coding with the Go language
●	Experience with cloud-based distributed systems on providers such as AWS
●	Experience with docker or container technologies
●	Experience with CDNs
●	Experience developing web-based business applications with complex workflows
●	Database administration experience including setting up and maintaining replication servers
●	Bachelor’s degree, preferably in Computer Science or related discipline</p>
<p>If you are interested, please send your resume to <a href=""mailto:Jobs@carregistration.com"">Jobs@carregistration.com</a>.</p>
<p>CANDIDATES only, please.</p>
<p>Equal Opportunity Employer
CRI is an equal opportunity employer to all, regardless of age, ancestry, color, disability (mental and physical), exercising the right to family care and medical leave, gender, gender expression, gender identity, genetic information, marital status, medical condition, military or veteran status, national origin, political affiliation, race, religious creed, sex (includes pregnancy, childbirth, breastfeeding, and related medical conditions), and sexual orientation.</p>
<p>It is an objective of CRI to achieve a drug-free workplace. Any applicant for employment will be expected to behave in accordance with this objective.</p>
","<p>If you are interested, please send your resume to <a href=""mailto:Jobs@carregistration.com"">Jobs@carregistration.com</a>.  CANDIDATES only, please.</p>
","https://jobs.github.com/rails/active_storage/blobs/eyJfcmFpbHMiOnsibWVzc2FnZSI6IkJBaHBBaG1qIiwiZXhwIjpudWxsLCJwdXIiOiJibG9iX2lkIn19--e3201f4f336dce8ebdee4d47073fde54081a827a/CRI%20FLSP%20Logo.png"
"ecbe528e-ae60-45ad-9706-76819ae07c85","Full Time","https://jobs.github.com/positions/ecbe528e-ae60-45ad-9706-76819ae07c85","Tue May 18 14:10:50 UTC 2021","DEVK Versicherungen","https://bewerbungsportal.devk.de/index",Cologne,"Site Reliability Engineer / Systems Engineer (d/m/w)","<p>Site Reliability Engineer / Systems Engineer (d/m/w)</p>
<p>Seit mehr als 130 Jahren legen Versicherte in Deutschland ihre Risiken des Alltags vertrauensvoll in die Hände der DEVK Versicherungen. Heute ist die DEVK bundesweit präsent und betreut die persönlichen Anliegen von über vier Millionen Kunden in allen Versicherungssparten.
In unserem Team ""Akquiseanwendungen"" entwickeln wir mit agilen Methoden eine neue CRM-Software, die von unseren Kunden und Mitarbeitenden bereits erfolgreich genutzt wird. Wenn Sie unser Team durch Ihr DevOps-Wissen ergänzen und die fachliche Führung im Bereich der Systemumgebungen, Deployment Pipelines und Configuration Management übernehmen wollen, dann sind Sie bei uns richtig!</p>
<p>Ihre Aufgaben</p>
<ul>
<li>Entwicklung von komplexen Infrastrukturlösungen für unsere PEGA-Plattform</li>
<li>Konzeption und Entwicklung der Systemumgebungen auf Basis der AWS Cloud Plattform</li>
<li>Weiterentwicklung der Umgebungen</li>
<li>Ausbau und Automatisierung der Deployments</li>
<li>Weiterentwicklung des PEGA-Framewoks hinsichtlich Deployment, Containerisierung und Cloudfähigkeit</li>
</ul>
<p>Ihr Profil</p>
<ul>
<li>Erfolgreich abgeschlossenes IT-Studium oder vergleichbare Ausbildung mit mehrjähriger Berufserfahrung</li>
<li>Kenntnisse im AWS Cloud Umfeld wünschenswert</li>
<li>Praktische Erfahrung in der Softwareentwicklung</li>
<li>Kenntnisse im Bereich Postgres von Vorteil</li>
<li>Kommunikative Kompetenz verbunden mit Spaß an Teamarbeit</li>
<li>Innovationsfähigkeit und Aufgeschlossenheit für neue technologische Entwicklungen</li>
<li>Eigenverantwortliches Arbeiten in einem jungen und dynamischen Team</li>
</ul>
<p>Unsere Benefits</p>
<ul>
<li>Sichere Arbeitsplätze in einem stetig wachsenden Unternehmen</li>
<li>Eine hervorragende arbeitgeberfinanzierte betriebliche Altersversorgung</li>
<li>Flexible Arbeitszeitmodelle</li>
<li>Möglichkeit für Homeoffice / Mobiles Arbeiten</li>
<li>Stark vergünstigtes Job-Ticket</li>
</ul>
<p>Informieren Sie sich über unsere weiteren Benefits:
<a href=""https://www.devk.de/karriere/devkjobwelt/innendienst/mitarbeitervorteile-innendienst.jsp"">https://www.devk.de/karriere/devkjobwelt/innendienst/mitarbeitervorteile-innendienst.jsp</a></p>
<p>Jetzt bewerben:
<a href=""https://bewerbungsportal.devk.de/jobs/15540-site-reliability-engineer-systems-engineer-d-m-w/job_application/new?cid=662c9407-f8cb-4024-a169-90c1c45dcfb4&amp;jid=d3db0bd8-f058-4d83-aa1d-6cffd5856efd&amp;pid=f3077591-ffcf-4792-bbb4-e61afabb7a4d&amp;it=nHnGAeU9hdvm5G-BT-S5OA"">https://bewerbungsportal.devk.de/jobs/15540-site-reliability-engineer-systems-engineer-d-m-w/job_application/new?cid=662c9407-f8cb-4024-a169-90c1c45dcfb4&amp;jid=d3db0bd8-f058-4d83-aa1d-6cffd5856efd&amp;pid=f3077591-ffcf-4792-bbb4-e61afabb7a4d&amp;it=nHnGAeU9hdvm5G-BT-S5OA</a></p>
<p>DEVK-Stellenbörse:
<a href=""https://bewerbungsportal.devk.de/index"">https://bewerbungsportal.devk.de/index</a></p>
<p>Wir freuen uns darauf, Sie persönlich kennenzulernen. Falls Sie noch Fragen haben, rufen Sie uns gerne an.</p>
<p>Ihre Ansprechpartnerin:
Tanja Willing</p>
<p>Tel.: +49 221 757-1154</p>
","<p><a href=""https://bewerbungsportal.devk.de/jobs/15540-site-reliability-engineer-systems-engineer-d-m-w/job_application/new?cid=662c9407-f8cb-4024-a169-90c1c45dcfb4&amp;jid=d3db0bd8-f058-4d83-aa1d-6cffd5856efd&amp;pid=f3077591-ffcf-4792-bbb4-e61afabb7a4d&amp;it=nHnGAeU9hdvm5G-BT-S5OA"">https://bewerbungsportal.devk.de/jobs/15540-site-reliability-engineer-systems-engineer-d-m-w/job_application/new?cid=662c9407-f8cb-4024-a169-90c1c45dcfb4&amp;jid=d3db0bd8-f058-4d83-aa1d-6cffd5856efd&amp;pid=f3077591-ffcf-4792-bbb4-e61afabb7a4d&amp;it=nHnGAeU9hdvm5G-BT-S5OA</a></p>
","https://jobs.github.com/rails/active_storage/blobs/eyJfcmFpbHMiOnsibWVzc2FnZSI6IkJBaHBBaFNqIiwiZXhwIjpudWxsLCJwdXIiOiJibG9iX2lkIn19--2d1f7983e07a4cd857aa2cabaaf39e6fc8e56005/DEVK.png"
"0afc57b1-f535-4cf6-af94-4c1aa57bbcfa","Full Time","https://jobs.github.com/positions/0afc57b1-f535-4cf6-af94-4c1aa57bbcfa","Tue May 18 14:05:17 UTC 2021","DEVK Versicherungen","https://bewerbungsportal.devk.de/index",Cologne,"Cloud Platform Engineer (d/m/w)","<p>Cloud Platform Engineer (d/m/w)</p>
<p>Seit mehr als 130 Jahren legen Versicherte in Deutschland ihre Risiken des Alltags vertrauensvoll in die Hände der DEVK Versicherungen. Heute ist die DEVK bundesweit präsent und betreut die persönlichen Anliegen von über vier Millionen Kunden in allen Versicherungssparten.
In der DEVK IT sind bereits heute Cloud Lösungen ein wesentlicher Baustein, der künftig weiter ausgebaut werden soll. Als Cloud Platform Engineer (d/m/w) sind Sie verantwortlich für die Operationalisierung der Cloud Strategie und die Befähigung der DEVK für den Einsatz von Cloud Services.</p>
<p>Ihre Aufgaben</p>
<ul>
<li>Administration und Weiterentwicklung unserer Kubernetes Cluster</li>
<li>Entwicklung und Betrieb der Infrastruktur-Automatisierung mit Terraform / Terragrunt / Terratest</li>
<li>Optimierung der Deployment-Pipeline</li>
<li>Implementierung und Administration AWS Services</li>
<li>Betrieb, Entwicklung und Pflege von Docker Images</li>
<li>Administration und Weiterentwicklung von Security-Komponenten in AWS und Kubernetes</li>
</ul>
<p>Ihr Profil</p>
<ul>
<li>Entwickler-Mindset (trunk-based development, continuous delivery) mit Erfahrungen im Bereich der Containerorchestrierung (bevorzugt Kubernetes)</li>
<li>Erfahrungen mit Cloud Services (bevorzugt AWS)</li>
<li>Breites technisches Knowhow im Bereich Cloud und Container</li>
<li>Kenntnisse agiler Methoden</li>
<li>Gute Kenntnisse der folgenden Sprachen, Tools oder Technologien:
o	Kubernetes, Helm
o	Hashicorp Stack (Vault, Terraform, Packer, Consul)
o	Golang
o	ElasticSearch, Kibana</li>
<li>Grundlagen in Netzwerk-Technologie</li>
<li>Spaß an Teamarbeit (Kommunikation, Knowhow-Aufbau im Team etc.)</li>
<li>Interesse an neuen Technologien und Offenheit für das Angebot der DEVK zur permanenten Weiterentwicklung</li>
</ul>
<p>Unsere Benefits</p>
<ul>
<li>Sichere Arbeitsplätze in einem stetig wachsenden Unternehmen</li>
<li>Eine hervorragende arbeitgeberfinanzierte betriebliche Altersversorgung</li>
<li>Flexible Arbeitszeitmodelle</li>
<li>Möglichkeit für Homeoffice / Mobiles Arbeiten</li>
<li>Stark vergünstigtes Job-Ticket</li>
</ul>
<p>Informieren Sie sich über unsere weiteren Benefits:
<a href=""https://www.devk.de/karriere/devkjobwelt/innendienst/mitarbeitervorteile-innendienst.jsp"">https://www.devk.de/karriere/devkjobwelt/innendienst/mitarbeitervorteile-innendienst.jsp</a></p>
<p>Jetzt bewerben:
<a href=""https://bewerbungsportal.devk.de/jobs/15252-cloud-platform-engineer-d-m-w/job_application/new?cid=662c9407-f8cb-4024-a169-90c1c45dcfb4&amp;jid=7d3c50b7-4033-4607-a7e6-5a66a29062c0&amp;pid=3c460e75-1500-4628-862b-d5e5a9a02334&amp;it=4oCg1W3_iapbwK0VP9K01w"">https://bewerbungsportal.devk.de/jobs/15252-cloud-platform-engineer-d-m-w/job_application/new?cid=662c9407-f8cb-4024-a169-90c1c45dcfb4&amp;jid=7d3c50b7-4033-4607-a7e6-5a66a29062c0&amp;pid=3c460e75-1500-4628-862b-d5e5a9a02334&amp;it=4oCg1W3_iapbwK0VP9K01w</a></p>
<p>DEVK-Stellenbörse:
<a href=""https://bewerbungsportal.devk.de/index"">https://bewerbungsportal.devk.de/index</a></p>
<p>Wir freuen uns darauf, Sie persönlich kennenzulernen. Falls Sie noch Fragen haben, rufen Sie uns gerne an.</p>
<p>Ihre Ansprechpartnerin:
Tanja Willing</p>
<p>Tel.: +49 221 757-1154</p>
","<p><a href=""https://bewerbungsportal.devk.de/jobs/15252-cloud-platform-engineer-d-m-w/job_application/new?cid=662c9407-f8cb-4024-a169-90c1c45dcfb4&amp;jid=7d3c50b7-4033-4607-a7e6-5a66a29062c0&amp;pid=3c460e75-1500-4628-862b-d5e5a9a02334&amp;it=4oCg1W3_iapbwK0VP9K01w"">https://bewerbungsportal.devk.de/jobs/15252-cloud-platform-engineer-d-m-w/job_application/new?cid=662c9407-f8cb-4024-a169-90c1c45dcfb4&amp;jid=7d3c50b7-4033-4607-a7e6-5a66a29062c0&amp;pid=3c460e75-1500-4628-862b-d5e5a9a02334&amp;it=4oCg1W3_iapbwK0VP9K01w</a></p>
","https://jobs.github.com/rails/active_storage/blobs/eyJfcmFpbHMiOnsibWVzc2FnZSI6IkJBaHBBaEtqIiwiZXhwIjpudWxsLCJwdXIiOiJibG9iX2lkIn19--24c86a54e3794712ee0bbdc4994243071b5bb978/DEVK.png"
"0271fa0b-05c3-4a79-80ff-84e331b45571","Full Time","https://jobs.github.com/positions/0271fa0b-05c3-4a79-80ff-84e331b45571","Tue May 18 11:53:18 UTC 2021","JobRad GmbH",https://www.jobrad.org/,Freiburg,"Senior UX Engineer (m/w/d)","<p>Wir haben das Rad nicht neu erfunden – aber das Dienstrad! JobRad ist Markt- und Qualitätsführer der boomenden Radleasingbranche. An unserem Hauptsitz in Freiburg und in unserem Außendienst in ganz Deutschland arbeiten wir mit Leidenschaft daran, Menschen aufs (Dienst-)Rad zu bringen. Mit großem Erfolg: Mehr als 30.000 Arbeitgeber bieten inzwischen ihren mehr als vier Millionen Angestellten JobRad an: weil JobRäder Talente anziehen, Mitarbeitende fit halten und die Umwelt schützen. Wir suchen Menschen, die mit ihrem Talent und ihren Ideen unser nachhaltiges und schnell wachsendes Unternehmen weiter voranbringen. Werde Teil unserer Fahrrad-Erfolgsgeschichte! Wir suchen ab sofort eine:n</p>
<p><strong>Senior UX Engineer (m/w/d), Freiburg</strong></p>
<p>Von Anfang an bist du Teil des Teams – und voll mit dabei. Gemeinsam mit deinen Kollegen:innen wirst du digitale Berge versetzen. Du bist ein zentraler Teil unserer Digitalisierung. Bei uns kannst du sofort wirksam werden. Du hilfst deinem Team immer besser zu werden und dein Beitrag macht einen Unterschied. Jede Verbesserung die ihr als Team erreicht macht die Welt ein Stück besser. Mehr Jobradler – bessere Umwelt und bessere Gesundheit.</p>
<p><strong>Das erwartet dich</strong></p>
<ul>
<li>Du wirst Teil eines starken, begeisterten, agilen, cross-funktionalen Teams, welches sich im Aufbau befindet.</li>
<li>Neben der Webseite <a href=""http://www.jobrad.org"">www.jobrad.org</a> erwarten dich viele kundenspezifische Herausforderungen.</li>
<li>Wir sind überzeugt vom Open Source Mindset und arbeiten mit dem Web-Enterprise-CMS Magnolia.</li>
<li>Du entwickelst aus Magnolia heraus Content Management Workflows für tausende Kunden.</li>
<li>Wir nutzen weitere Technologien wie JavaScript ES6+, WebComponents, React, CSS, git, npm, Node.js, Java etc.</li>
</ul>
<p><strong>Das bringst du mit</strong></p>
<p>Mit deiner Erfahrung setzt du Impulse und löst regelmäßig Aha-Effekte aus. Zusammen mit deinem Team stehst du dafür ein, alles von Anfang an richtig zu machen. Qualität ist dir wichtig.</p>
<ul>
<li>Keine Hacks</li>
<li>Keine Workarounds</li>
<li>Keine technischen Schulden</li>
<li>Stattdessen: Clean Code &amp; Clean Design (dry)</li>
<li>Content-Management ist kein Fremdwort für dich.</li>
<li>Wir freuen uns, solltest du zusätzlich Interesse an strukturierten Daten, mobile first, Barrierefreiheit und Analytics mitbringen.</li>
</ul>
<p>Du bist ein:e starke:r Spieler:in auf dem digitalen Spielfeld und deine Meinung ist gefragt. Neben deinem hohen technischen Anspruch möchtest du den Sinn hinter den Features verstehen.</p>
<p><strong>Wir bieten dir</strong></p>
<ul>
<li>Die Möglichkeit, unsere Produkte maßgeblich mitzugestalten und am Erfolg eines jungen Unternehmens mit flachen Hierarchien mitzuwirken.</li>
<li>Einsatz und Ausprobieren der neuesten Technologien.</li>
<li>Eine gute Einarbeitung und ein tolles Arbeitsumfeld in einem stark wachsenden Unternehmen.</li>
<li>Dein eigenes JobRad und einen tollen Standort zum Leben, Arbeiten und Radfahren.</li>
</ul>
<p>Du passt zu uns, wenn du die agilen Werte teilst, dich für Technologien begeistern kannst, dein Wissen mit anderen teilen möchtest und du Lust hast, mit uns „Menschen aufs Rad zu bringen"".</p>
<p><strong>Wenn dich dieses Stellenprofil begeistert, freuen wir uns auf deine Bewerbung.</strong></p>
<ul>
<li>Start: 	                Ab sofort</li>
<li>Arbeitszeit: 	        Vollzeit</li>
<li>Ansprechpartner:  Eva Kuhn</li>
</ul>
","<p><a href=""https://www.jobrad.org/ueber-uns/karriere.html?yid=418&amp;sid=2c535533abcb73beb8180c860662f972"">https://www.jobrad.org/ueber-uns/karriere.html?yid=418&amp;sid=2c535533abcb73beb8180c860662f972</a></p>
","https://jobs.github.com/rails/active_storage/blobs/eyJfcmFpbHMiOnsibWVzc2FnZSI6IkJBaHBBZytqIiwiZXhwIjpudWxsLCJwdXIiOiJibG9iX2lkIn19--f5208c9b9a19cee706f954fcf4676b5ef67f8fae/2.Jobrad-Logo%C2%AE-RGB-color-large-1500px-quadr.jpg"
"f4a7c47f-c8ac-49fa-b15b-4ab37bfd2307","Full Time","https://jobs.github.com/positions/f4a7c47f-c8ac-49fa-b15b-4ab37bfd2307","Tue May 18 09:52:30 UTC 2021",Blindside,"https://www.blindside.pro",Berlin,"Flutter Developer","<p>Blindside is a sports tech start up from Berlin-Adlershof. Professional and amateur coaches and clubs boost their practices with our web and mobile app. We are striving to become the global sport platform, on which coaches exchange their experience, get inspired, and enable their athletes to develop in the best way possible.</p>
<p>We are currently optimizing our mobile app, reinforcing our infrastructure and in the initial stages of a sports training analytics engine. We ship code often with continuous deployment and do most of our work in Python, Flutter/Dart, and React.</p>
<p>As our focus shifts more heavily toward mobile development, Blindside are looking for an experienced mobile developer with professional working experience using Flutter.</p>
<p><strong>Tasks</strong></p>
<ul>
<li>You will be immersed into a highly autonomous environment.</li>
<li>You will design new features and build &amp; maintain within our existing codebase in Flutter</li>
<li>You will constantly be learning new skills. Researching, conducting trial &amp; error experiments as well as maintaining full ownership of your code, from concept to deployment.</li>
<li>In your first month, you will be familiarized with our team and have already resolved some bugs and small requests. Your code has gone live multiple times in the first month.</li>
<li>In the following months, your knowledge of our codebase has drastically increased and you are offering your help in fundamental software architecture decisions. You also feel confident enough to suggest improvement to the team's workflow when you see it doesn't work.</li>
<li>At the end of your first year, you have successfully contributed to a wide range of projects, even spanning across multiple elements of our system, from backend to mobile. You have established yourself as a self starter and clearly spoken member of our team.</li>
</ul>
<p><strong>Requirements</strong></p>
<ul>
<li>Strong technical background (5+ years) in mobile development (Android or iOS), preferably professional experience working in Flutter</li>
<li>Ideally you have experience in other areas of software development outside of mobile (backend, frontend, infrastructure, etc.)</li>
<li>You can comfortably propose technical solutions to business problems and clearly communicate them to your colleagues.</li>
<li>You are transparent, mindful and empathetic towards your teammates.</li>
<li>You can easily express your ideas in written and spoken English</li>
</ul>
<p><strong>Benefits</strong></p>
<ul>
<li>The opportunity to establish yourself as a core member of the development team</li>
<li>An international team with a wide range of backgrounds</li>
<li>A salary that matches industry standards</li>
<li>A respectful atmosphere with a focus on professionalism</li>
<li>A family-friendly work environment</li>
<li>State of the art equipment to ensure that you can focus on the right things</li>
<li>Daily paid lunch at our local canteen</li>
<li>Yearly budget for individual professional development</li>
</ul>
","<p><a href=""https://blindside.join.com/jobs/2248922-flutter-developer?pid=357a3b4531918760973f&amp;oid=1b7223ae-85f3-44df-b767-57095fc2735d&amp;utm_source=github_jobs&amp;utm_medium=paid&amp;utm_campaign=single%2Bposting&amp;utm_content=flutter%2Bdeveloper"">https://blindside.join.com/jobs/2248922-flutter-developer?pid=357a3b4531918760973f&amp;oid=1b7223ae-85f3-44df-b767-57095fc2735d&amp;utm_source=github_jobs&amp;utm_medium=paid&amp;utm_campaign=single%2Bposting&amp;utm_content=flutter%2Bdeveloper</a></p>
","https://jobs.github.com/rails/active_storage/blobs/eyJfcmFpbHMiOnsibWVzc2FnZSI6IkJBaHBBZzZqIiwiZXhwIjpudWxsLCJwdXIiOiJibG9iX2lkIn19--23cbad69864ba3e2e6614bda12beda0b08c03c68/blindside.jpg"
"cb850cd5-ea88-484f-8ac1-5359894279b1","Full Time","https://jobs.github.com/positions/cb850cd5-ea88-484f-8ac1-5359894279b1","Tue May 18 09:06:43 UTC 2021","DEVK Versicherungen","https://bewerbungsportal.devk.de/index",Cologne,"Java-Entwickler / DevOps Engineer (d/m/w) ","<p>Java-Entwickler / DevOps Engineer (d/m/w)</p>
<p>Seit mehr als 130 Jahren legen Versicherte in Deutschland ihre Risiken des Alltags vertrauensvoll in die Hände der DEVK Versicherungen. Heute ist die DEVK bundesweit präsent und betreut die persönlichen Anliegen von über vier Millionen Kunden in allen Versicherungssparten.</p>
<p>Gemeinsam mit den Kollegen aus Krankenversicherung und Pensionsfonds arbeiten unsere IT-Spezialisten an innovativen Lösungen. Als Java-Entwickler / DevOps Engineer (d/m/w) sind Sie verantwortlich für die Weiterentwicklung und Betreuung unserer Anwendungen und den Ausbau der Partnerschaft mit den beiden Fachbereichen.</p>
<p>Ihre Aufgaben</p>
<ul>
<li>Aktive Unterstützung in Projekten zur Einführung neuer moderner Versicherungssysteme</li>
<li>Eigenverantwortliche Java- / DevOps-Entwicklung im crossfunktionalen Umfeld</li>
<li>Beratung der Fachbereiche auf den Gebieten Anwendungsentwicklung un Benutzeroberflächen</li>
<li>Pflege von technischen Dokumentationen</li>
</ul>
<p>Ihr Profil</p>
<ul>
<li>Erfolgreiches IT-Studium oder entsprechende Ausbildung mit mehrjähriger einschlägiger Berufserfahrung</li>
<li>Mehrjährige praktische Erfahrung in der Java-Anwendungsentwicklung</li>
<li>Fundierte Kenntnisse in Technologien unseres Stacks: Linux, Java, GitLab, CI / CD Pipeline, HTML, CSS, Spring</li>
<li>Methodische Kenntnisse im Bereich der Softwareentwicklung: Clean-Code-Entwicklung, arc42, SA4D, etc.</li>
<li>Entscheidungs- und Konfliktfähigkeit sowie hohe Service- und Kundenorientierung</li>
<li>Begeisterung Neues zu lernen, auszuprobieren und Gelerntes zu vermitteln</li>
</ul>
<p>Unsere Benefits</p>
<ul>
<li>Sichere Arbeitsplätze in einem stetig wachsenden Unternehmen</li>
<li>Eine hervorragende arbeitgeberfinanzierte betriebliche Altersversorgung</li>
<li>Flexible Arbeitszeitmodelle</li>
<li>Möglichkeit für Homeoffice / Mobiles Arbeiten</li>
<li>Stark vergünstigtes Job-Ticket</li>
</ul>
<p>Informieren Sie sich über unsere weiteren Benefits:
<a href=""https://www.devk.de/karriere/devkjobwelt/innendienst/mitarbeitervorteile-innendienst.jsp"">https://www.devk.de/karriere/devkjobwelt/innendienst/mitarbeitervorteile-innendienst.jsp</a></p>
<p>Jetzt bewerben:
<a href=""https://bewerbungsportal.devk.de/jobs/16031-java-entwickler-devops-engineer-d-m-w/job_application/new?cid=662c9407-f8cb-4024-a169-90c1c45dcfb4&amp;jid=eaebb04d-dcd9-42f8-83b9-bb9bbf560e3d&amp;pid=40013152-f611-40b8-bf58-74bb2c09ead1&amp;it=xG-LYwe9Ws71E_b-qhlkIA"">https://bewerbungsportal.devk.de/jobs/16031-java-entwickler-devops-engineer-d-m-w/job_application/new?cid=662c9407-f8cb-4024-a169-90c1c45dcfb4&amp;jid=eaebb04d-dcd9-42f8-83b9-bb9bbf560e3d&amp;pid=40013152-f611-40b8-bf58-74bb2c09ead1&amp;it=xG-LYwe9Ws71E_b-qhlkIA</a></p>
<p>DEVK-Stellenbörse:
<a href=""https://bewerbungsportal.devk.de/index"">https://bewerbungsportal.devk.de/index</a></p>
<p>Wir freuen uns darauf, Sie persönlich kennenzulernen. Falls Sie noch Fragen haben, rufen Sie uns gerne an.</p>
<p>Ihre Ansprechpartnerin:
Tanja Willing</p>
<p>Tel.: +49 221 757-1154</p>
","<p><a href=""https://bewerbungsportal.devk.de/jobs/16031-java-entwickler-devops-engineer-d-m-w/job_application/new?cid=662c9407-f8cb-4024-a169-90c1c45dcfb4&amp;jid=eaebb04d-dcd9-42f8-83b9-bb9bbf560e3d&amp;pid=40013152-f611-40b8-bf58-74bb2c09ead1&amp;it=toKasXQTMnB1HeLBLr7YlA"">https://bewerbungsportal.devk.de/jobs/16031-java-entwickler-devops-engineer-d-m-w/job_application/new?cid=662c9407-f8cb-4024-a169-90c1c45dcfb4&amp;jid=eaebb04d-dcd9-42f8-83b9-bb9bbf560e3d&amp;pid=40013152-f611-40b8-bf58-74bb2c09ead1&amp;it=toKasXQTMnB1HeLBLr7YlA</a></p>
","https://jobs.github.com/rails/active_storage/blobs/eyJfcmFpbHMiOnsibWVzc2FnZSI6IkJBaHBBZ2FqIiwiZXhwIjpudWxsLCJwdXIiOiJibG9iX2lkIn19--20480e79ed6b7c776d68070e08a0b127c541c98d/DEVK.png"
"2e99bd71-9684-4182-bd59-28a634ec9dd7","Full Time","https://jobs.github.com/positions/2e99bd71-9684-4182-bd59-28a634ec9dd7","Mon May 17 11:51:58 UTC 2021","Mimi Hearing Technologies GmbH",https://www.mimi.io/,Berlin,"Senior Android Developer (f/m/d) (80-100%)","<p>Our mission at <a href=""http://t3u1.mjt.lu/lnk/ANEAAKEj_EcAAAAAAAAAAG3sWXAAAAAA-nQAAAAAAAZPNgBgojaTA1gju6NOSlCaBh4lywAOTAAGCXo/2/Ouq1YFHeabfDMP1oq8rygg/aHR0cDovL3d3dy5taW1pLmlv"">Mimi</a> is to give everyone the best possible hearing experience and protect your hearing health. We are the world’s leading provider of hearing-based audio personalization and digital hearing test technologies.  Our team has developed a biologically-inspired and proprietary audio processing technology that knows how well you hear in order to personalize your listening experience and prevent hearing damage. Mimi’s technology can be integrated into consumer electronics devices, such as headphones, smartphones, TVs, in-flight entertainment systems and a range of systems and platforms.</p>
<p><strong>Our Team</strong></p>
<p>We are an eclectic bunch of over 60 people of 20 different nationalities — including sound engineers, product designers, researchers, scientists, and software developers, all working together to create a world where hearing ability is no barrier to amazing, personalized sound. At Mimi, diversity is our strength. We're based in Berlin — start-up capital of the world, and we’re invested not only in products that help the world hear better, but in people who make our culture smarter, richer, and more human.  We are committed to creating a culture that nourishes personal growth as a basis for company growth. We are a learning organization; we love to work with people who take initiative and are not afraid to try, fail and try again.</p>
<p><strong>This can be your workplace</strong></p>
<p>Yearly education budgets, flat hierarchies, flexible working environments, regular working from home opportunities, flexible holiday policies and team events... We do what we can to keep our teams engaged and thriving. But, no 'perk' is more rewarding than the experience of working side by side with a group of brilliant, passionate people creating something meaningful together. We're growing fast and always on the lookout to hire talented, driven, and friendly folks, who are ready to meet new challenges and realize new dreams with us.</p>
<p><strong>What you will do</strong></p>
<p>To help us bring amazing hearing technology to more people around the world, we are looking for a <strong>Senior Android Developer (f/m/d)</strong> for employment in Berlin.</p>
<p><strong>NOTE:</strong> With this role we are happy to support flexible working and accept candidates looking for a working week of 32-40 hours (80-100%)</p>
<p>As our <strong>Senior Android Developer (f/m/d)</strong> you will...</p>
<ul>
<li>Maintain and develop our Android SDK to deliver sound personalization technologies to partner products</li>
<li>Work closely with your colleagues defining important architectural concepts and API evolution strategies</li>
<li>Devise ways to improve our Android development ecosystem and processes</li>
<li>Provide partner product integration support</li>
<li>Use Kotlin, Coroutines, ConstraintLayout, Retrofit, Glide and the usual mix of Jetpack libraries in our codebase, with MVVM architecture where required.</li>
</ul>
<p><strong>What you bring to the table</strong></p>
<ul>
<li>3+ years of experience as a native mobile software developer on Android</li>
<li>Strong Kotlin skills</li>
<li>Deep knowledge and experience with the Android platform and related frameworks</li>
<li>Solid and well-reasoned software engineering decision making</li>
<li>Collaborative, curious and team-focused mindset</li>
<li>Fluent in English</li>
<li>Additionally it would be great if you have:</li>
<li>Prior experience developing and supporting SDKs</li>
<li>A BS/MS degree in computer science, engineering or a related study</li>
<li>An interest in audio, music, or sound</li>
</ul>
<p><strong>What we offer</strong></p>
<ul>
<li>A top-caliber, diverse and international team of dedicated domain experts</li>
<li>A high degree of flexibility in organizing your work and full responsibility for your own projects</li>
<li>Working from home opportunities</li>
<li>The opportunity to make an impact on an untapped market and contribute to the development of a truly innovative product and company</li>
<li>An entrepreneurial experience in a young, fast-moving startup located in the heart of trendy Berlin-Friedrichshain</li>
<li>Yearly education budget and a company culture that nourishes personal growth</li>
<li>Modern working equipment plus plenty of audio perks and cool toys to try out</li>
<li>Weekly company meals, team-building events and an annual summer trip</li>
<li>Flexible holiday policy</li>
<li>Monthly Lieferando credit</li>
</ul>
<p>Find out more about us on our website: <a href=""http://t3u1.mjt.lu/lnk/ANEAAKEj_EcAAAAAAAAAAG3sWXAAAAAA-nQAAAAAAAZPNgBgojaTA1gju6NOSlCaBh4lywAOTAAGCXo/4/f_D9xYmDqv29JKgYNGWFIg/aHR0cHM6Ly93d3cubWltaS5pby8"">www.mimi.io</a></p>
<p><strong>DISCLAIMER
We know that some people have a tendency not to apply to jobs unless they meet 100% of the requirements. However, if you think that this job is great for you then please, send in your application!</strong></p>
<p><strong>HOW MIMI ORGANIZES WORK DURING THE SARS-COV-2 PANDEMIC</strong></p>
<ul>
<li>The latest relevant information, as well as individual advice, is regularly provided to employees</li>
<li>Deprioritized physical access to Mimi's office per official recommendations</li>
<li>We provide assistance in equipping your home office (desk, chair, screen, internet connection etc)</li>
<li>We offer flexible working hours, asynchronous communication.</li>
<li>We prioritize the well-being of all Mimians by fostering remote personal interaction and professional assistance in dealing with challenging personal situations for example by:</li>
<li>Encouraging shared virtual lunches and coffees to get to know your colleagues</li>
<li>Organizing weekly food delivery services for remote workers</li>
<li>Offering digital counseling sessions with external coaches</li>
</ul>
<p><img src=""https://camo.githubusercontent.com/6c7c813e0d1be10274b75efe081f203514869d9d/68747470733a2f2f742e676f686972696e672e636f6d2f682f65356439646137386463343964316362653930656130343463653334386466373133626132323734633632616233316239373362633264386538396531643537""></p>
","<p><a href=""https://t.gohiring.com/h/a30e6bb9aa8a454235293722fa6afc5c3cd8462e112af2e0f02489a7121f6d22"">Application form</a></p>
","https://jobs.github.com/rails/active_storage/blobs/eyJfcmFpbHMiOnsibWVzc2FnZSI6IkJBaHBBdjZpIiwiZXhwIjpudWxsLCJwdXIiOiJibG9iX2lkIn19--3912fb60181d6d0fec6d49a4f4c4a5ac870ffb1e/Mimi%20Hearing%20Technologies%20GmbH.jpeg"
"96f19efd-1a17-4375-9aa6-17a75e9570aa","Full Time","https://jobs.github.com/positions/96f19efd-1a17-4375-9aa6-17a75e9570aa","Mon May 17 11:10:09 UTC 2021","OSI International Holding GmbH",https://de.osigroup.com/,86368,"Architect IT Applications (m/w/d)","<p><strong>OSI in Kürze</strong></p>
<p>Als international tätiges Unternehmen im Nahrungsmittelbereich gehören wir zur weltweit operierenden, inhaber­geführten OSI-Gruppe. In der Entwicklung und Herstellung von hochwertigen Produkten für die System­gastro­nomie und den Lebens­mittel­einzel­handel sind wir führend.</p>
<p>Für unsere IT Abteilung des europäischen Headquarters in Gersthofen suchen wir eine/n <strong>Architect IT Applications (m/w/d)</strong>.</p>
<p><strong>Was Sie erwartet</strong></p>
<p>Als Architect IT Applications koordinieren, entwickeln und pflegen Sie Methoden und Techniken der Unternehmensarchitektur, einschließlich Standards und Prinzipien. Sie stellen sicher, dass Projekte mit Architektur-Roadmaps, Prinzipien, Standards und Referenzarchitekturen übereinstimmen. Außerdem arbeiten Sie mit dem Portfolio- und Projektmanagement zusammen, um die Implementierung von architektonisch relevanten Themen sicherzustellen.</p>
<ul>
<li>Konzeptionierung und Implementierung der Lösungsarchitektur für Business-Applikationen und/oder Technologien</li>
<li>Erarbeitung von Lösungsvorschlägen für Anforderungen mit Architekturbezug entsprechend dem strategischen und architektonischen Rahmen durch Übersetzung der fachlichen Anforderungen in technische Systemlösungen und durch Führung und Unterstützung der Kommunikation mit internen und externen IT-Rollen</li>
<li>Technisches Überprüfen von bestehenden IT-Konzepten oder –Lösungen</li>
<li>Architektonische Verifizierung aller wichtigen Business-Transformationsprojekte und Produktionssysteme</li>
<li>Sicherstellung der Projektkonformität mit Architektur-Roadmaps, Prinzipien, Standards und Referenzarchitekturen</li>
<li>Bearbeitung von Änderungsanträgen und Vorbereitung der entsprechenden Entscheidungsgrundlage</li>
<li>Unterstützung des IT-Applikationsteams im Bereich IT-Services (Application Management) und bei Bedarf Projekt- bzw. Teilprojektleitung im Bereich IT-Applikationen</li>
</ul>
<p><strong>Was wir erwarten</strong></p>
<ul>
<li>Abgeschlossenes Studium der Informationstechnik oder vergleichbare Ausbildung</li>
<li>Mehrjährige Erfahrung im Umgang mit Datenbanken, vorzugsweise auf SQL-Basis</li>
<li>Erfahrung in Business Intelligence sowie in MS Dynamics NAV, Dynamics 365 Business Central</li>
<li>Gute Kenntnisse in der Anwendungsentwicklung und im Projektmanagement</li>
<li>Bewertung und Präsentation der finanziellen Auswirkungen von Lösungsarchitekturen und deren möglicher Alternativen</li>
<li>Kenntnisse von Softwareentwicklungsprozessen (Wasserfall, SCRUM, KANBAN) und tiefe technische Produktkenntnisse</li>
<li>Starke Kommunikationsfähigkeiten auf allen Ebenen in Deutsch und Englisch</li>
</ul>
<p><strong>Was wir bieten</strong></p>
<p>Wir sind ein Unternehmen mit flachen Hierarchien, kurzen Entscheidungswegen und einer ausgeprägten Kunden­orien­tierung in einem speziellen Markt. Wir wissen, dass das Engagement unserer Mitarbeiter die Basis unseres Erfolges ist. Daher fördern wir Sie, indem wir Ihnen schnell Verantwortung übergeben und Sie entsprechend Ihrer Talente weiterentwickeln.</p>
<p><img src=""https://camo.githubusercontent.com/2070842715fcbbd50763bb64fd746e0ed7b985d2/68747470733a2f2f742e676f686972696e672e636f6d2f682f39633961643937316465653532343431313837353339316438636361653836636165396162323235383765326463643539643230353633363638383435383264""></p>
","<p><a href=""https://t.gohiring.com/h/09cc59fcfc944ef59c57435edefc63c7a882e9638b17e7314594a22b38183852"">application form</a></p>
","https://jobs.github.com/rails/active_storage/blobs/eyJfcmFpbHMiOnsibWVzc2FnZSI6IkJBaHBBdnlpIiwiZXhwIjpudWxsLCJwdXIiOiJibG9iX2lkIn19--a9dff4e7ed52c97ba5e8c79c0fe726c701938354/OSI%20International%20Holding%20GmbH.jpg"
"3caf1d30-d5ae-4971-bd7a-2ee47ec0a90e","Full Time","https://jobs.github.com/positions/3caf1d30-d5ae-4971-bd7a-2ee47ec0a90e","Sat May 15 00:05:16 UTC 2021","Amco International Education Services",,"Guadalajara, Jalisco Mexico","Software Engineer","<p>We are an education technology company teaching kids fluent English all over the world.
We started as one man's vision to solve a simple problem for the students of his own school. In a little, over a decade we've grown into an international multimillion-dollar company positively affecting the lives of over 300,000 students a year.</p>
<h1>Job Description</h1>
<p>Your bread and butter of the day will be not just to code, but to engineer solutions to sometimes simple, most of the time complex problems.
You'll work closely with software designers, developers, and sometimes end-users, to understand more about what each product is meant to do, its key features, and who will use it.
You'll often be working on more than one project at a time, one product in the first phase of testing and another in its second or final phase.</p>
<h1>Responsibilities</h1>
<p>When you apply at a company you want to have some idea of the kinds of projects you may eventually help with, here is just a small list of what we're currently working on:</p>
<ul>
<li>Design, build and maintain efficient, reusable, and reliable Ruby/Elixir code</li>
<li>Integration of data storage solutions for MySQL, Postgres and CouchDB</li>
<li>Integration of client apps for web, Android, and iOS, with server-side infrastructure.</li>
<li>Identify bottlenecks and bugs, and devise solutions to these problems</li>
<li>Help maintain code quality, organization, and automatization</li>
</ul>
<h1>Skills</h1>
<ul>
<li>Experience with Ruby on Rails, along with other common libraries</li>
<li>Hands-on experience/interest on Elixir/Phoenix framework</li>
<li>Good understanding of the syntax of Ruby and its nuances</li>
<li>Solid understanding of object-oriented programming</li>
<li>Good understanding of server-side templating languages such as Haml</li>
<li>Good understanding of server-side CSS preprocessors such as Sass</li>
<li>Basic understanding of front-end technologies, such as JavaScript, HTML5, and CSS3</li>
<li>Familiarity with concepts of MVC, Mocking, ORM, and RESTful</li>
<li>A knack for writing clean, readable code</li>
<li>Ability to integrate multiple data sources and databases into one system</li>
<li>Understanding of fundamental design principles behind a scalable application</li>
<li>Able to create database schemas that represent and support business processes</li>
<li>Able to implement automated testing platforms and unit tests</li>
<li>Proficient understanding of Git</li>
<li>Familiarity with development aiding tools Bundler, Webpacker</li>
<li>Familiarity with continuous integration</li>
</ul>
","<p>Email your resume to <a href=""mailto:javierg@amco.me"">javierg@amco.me</a></p>
","https://jobs.github.com/rails/active_storage/blobs/eyJfcmFpbHMiOnsibWVzc2FnZSI6IkJBaHBBdmlpIiwiZXhwIjpudWxsLCJwdXIiOiJibG9iX2lkIn19--dc9fec9a025caaf3eb1528dade6f46bd61e86725/Amco%20Logo@2x.png"
"ee6f931e-db19-407d-88eb-5bbfc96a3829","Full Time","https://jobs.github.com/positions/ee6f931e-db19-407d-88eb-5bbfc96a3829","Fri May 14 19:19:01 UTC 2021","Crawford, Murphy and Tilly, Inc.",,Remote,"Web Developer","<p>Crawford, Murphy &amp; Tilly, Inc. (CMT) is a civil engineering and consulting firm that provides web applications for our clients. We are seeking an outstanding Web Developer to be responsible for the coding, innovative design, and layout of our client-facing websites and web applications. This role will engage in creating and modifying web pages to function while following a specific branding schema. The selected candidate will strive to create visually appealing applications that feature user-friendly design and clear navigation.</p>
<p>Other responsibilities include integrating data from various back-end services and databases (primarily SQL) and creating website layout/user interface using standard HTML/CSS practices. Some applications will use GIS integration, although this experience is not required as we have in-house expertise.</p>
<p>Position Requirements:</p>
<p>A bachelor’s degree in CIS, MIS, IT, or related field or equivalent work experience</p>
<p>3 to 5 years of Web Development experience</p>
<p>Deep expertise and hands-on experience with Web Applications and programming languages such as HTML, CSS, JavaScript, JQuery, and API’s</p>
<p>Deep functional knowledge or hands-on design experience with Web Services (REST, SOAP, etc.)</p>
<p>Experience with reactive design for various formats such as tablets or mobile devices</p>
<p>Strong grasp of security principles</p>
<p>Ability to manage multiple tasks and meet deadlines</p>
<p>Highly self-motivated, resourceful, with ability to work under pressure</p>
<p>Willing to learn new technologies and engage in growing CMT’s capabilities</p>
<p>Close proximity to a CMT office is preferred – Eastern or Central time zone preferred</p>
<p>Candidates interested in applying should provide a summary of previous experience including examples of your web design capabilities (active websites).</p>
<p>CMT is committed to individual opportunity and the professional development of our employees.  This position offers an opportunity to take that next step helping reach your career goals and personal potential.</p>
<p>CMT is committed to diversity, equity, and inclusion.  CMT is an Equal Opportunity Employer and employment selection decisions are based on merit, qualifications, and abilities. CMT does not discriminate in employment opportunities or practices on the basis of age, color, disability, gender identity, national origin, race, religion, sex, sexual orientation, veteran status, or any other characteristic protected by country, regional or local law. Please note that CMT does not accept unsolicited resumes from recruiters or employment agencies.</p>
","<p>Please apply on our Careers Page: <a href=""https://www.cmtengr.com/posted-positions-2/"">https://www.cmtengr.com/posted-positions-2/</a></p>
","https://jobs.github.com/rails/active_storage/blobs/eyJfcmFpbHMiOnsibWVzc2FnZSI6IkJBaHBBdldpIiwiZXhwIjpudWxsLCJwdXIiOiJibG9iX2lkIn19--54365587ac0f0b3a19b4c30bc3f2ff15d1a2a2ae/CMTlogo.jpg"
"0e9e936c-b671-4ae7-b07b-6564b0d40094","Full Time","https://jobs.github.com/positions/0e9e936c-b671-4ae7-b07b-6564b0d40094","Fri May 14 15:12:50 UTC 2021","Demyst ",http://www.demyst.com,"Remote i United States","Junior Back End Developer ","<p>Our Solution</p>
<p>Demyst unlocks innovation with the power of data. Our platform helps enterprises solve strategic use cases, including lending, risk, digital origination, and automation, by harnessing the power and agility of the external data universe. We are known for harnessing rich, relevant, integrated, linked data to deliver real value in production. We operate as a distributed team in the US and Asia and serve over 50 clients globally as a strategic external data partner. Frictionless external data adoption within tech forward enterprises is unlocking market growth and allowing solutions to finally get out of the lab. If you like to actually get things done and deployed, versus never ending exploration, Demyst is your new home.</p>
<p>The Challenge</p>
<p>We are looking for a skilled back end developer to join our team and help lead development on some large projects for household banking and finance names. Reporting to the Director of Product Management, your responsibilities will be to develop projects in league with client requirements and be the subject matter expert for the technology. As Junior Developer you will be working directly with an existing team who are based in North America, New Zealand and Australia to deliver and extend the application.</p>
<p>Responsibilities:</p>
<p>-Grow the Product — Develop and maintain product codebase covering the needs for multiple big-
name clients. Create new features and grow the product impact across multiple geographies.</p>
<p>-Support Client Delivery — Without happy customers, this product will not exist; everyone will support
clients to guarantee that they are well served with the platform services.</p>
<p>-Maintain Clean Code — Clean code is key: a successful candidate will motivate the team to maintain
clean code and apply coding standards (including code reviews)</p>
<p>-Grow and Learn — We value your personal growth; We equip every employee with the tools to
become the subject expert matter for technical, platform and development queries.</p>
<p>Requirements:</p>
<p>-Demonstrable* 2+ years backend development experience in Ruby on Rails
-Demonstrable* 2+ years experience in Python or Node.js
-Experience building and consuming HTTP APIs, both client and server side including swagger
definitions
-Strong exposure to AWS products (EC2 / ECS, Lambda, DynamoDB, SQS, S3)
Familiar with CI/CD, and managing deployment pipelines, using TravisCI primarily.
-Strong Git experience including branching &amp; PR workflows (e.g. git-flow)
PM Tool experience (JIRA, Github issues, Asana)
Collaborative attitude, Great communicator &amp; problem solver
Understands distributed teams and communication methods</p>
<p>*Demonstrable experience</p>
<p>Applicants will be expected to be able to present and discuss code they have written and/or contributed to during the interview process. We will require applicants to show examples of their participation in the development community. This can range from a body of work that they have produced in the form of Github repositories, personal websites, a fully completed LinkedIn profiles, portfolios, articles written, Stack Overflow participation etc.</p>
<p>It does not need to be vast (although that would be fantastic) but we do feel that in 2021 most people have some kind of public profile and that it is important for personal development.</p>
<p>If you don’t have this kind of public persona, please aim to bring some examples of private work you have done and that you can talk us through. We are all geeks here and would love the opportunity to see some of the genius you have created!</p>
<p>Benefits</p>
<p>-Work with the largest consumer and business external data market in an emerging industry that is
fueling AI globally
-Outsized impact in a small but rapidly growing team offering real autonomy and responsibility for client
outcomes
-Stretch yourself to help define and support something entirely new that will impact billions
Work within a strong, tight-knit team of subject matter experts and overseeing a team of renaissance
technical talent
-Small enough where you matter, big enough to have the support to deliver what you promise
-Distributed working team and culture, recognition of outcomes and merit, not presenteeism
-Generous benefits &amp; competitive compensation</p>
<p>Demyst is committed to creating a diverse, rewarding career environment and is proud to be an equal opportunity employer. We strongly encourage individuals from all walks of life to apply.</p>
","<p>To apply, please go to:</p>
<p><a href=""https://apply.workable.com/demystdata/j/C6E59596B9/"">https://apply.workable.com/demystdata/j/C6E59596B9/</a></p>
<p>Scroll down to apply!</p>
","https://jobs.github.com/rails/active_storage/blobs/eyJfcmFpbHMiOnsibWVzc2FnZSI6IkJBaHBBdk9pIiwiZXhwIjpudWxsLCJwdXIiOiJibG9iX2lkIn19--5b1605ecfded6e2ec93c31be8c8a6fa695996a62/DD%20new%20Logo.png"
"7861cd49-cc3b-4355-9be2-d136d30b0bc1","Full Time","https://jobs.github.com/positions/7861cd49-cc3b-4355-9be2-d136d30b0bc1","Fri May 14 08:14:54 UTC 2021","Bertrandt Technikum GmbH Ehningen",http:,Ehningen,"DevOps-Engineer (m/w/d) für virtualisierte CO-Simulationsumgebungen in der Automotive-IT","<p>DevOps-Engineer (m/w/d) für virtualisierte CO-Simulationsumgebungen in der Automotive-IT
Arbeitsort: Ehningen</p>
<p>Was Sie erwartet:
Das Auto von morgen ist nicht mehr nur ein Fahrzeug, mit dem man schnell fahren kann, vielmehr wird es zum Kundenerlebnis. Es wird maßgeblich durch seine Software sowie die Performance der darunterliegenden IT bestimmt. Die komplexeren Softwarearchitekturen erfordern die Abkehr von klassischen Absicherungsmethoden hin zu skalierbaren, virtuellen Frameworks. Wir bei Bertrandt denken die Zukunft der Softwareabsicherung in der Automobilbranche komplett neu.</p>
<ul>
<li>Werden Sie Teil der Entwicklung virtueller und hochautomatisierter CI/CD-Frameworks um die Herausforderungen von morgen lösen zu können.</li>
<li>In dieser Position können Sie die spannende Vereinigung von Automobil- und IT-Welten nicht nur beobachten, sondern können dabei direkt mitwirken.</li>
<li>Sie verantworten die Konzeptionierung, Implementierung und die Inbetriebnahme einzelner Bausteine für virtualisierte Testumgebungen, welche bis in die Cloud skalierbar sind.</li>
<li>Als Experte in Ihrem Fachgebiet geben Sie wertvolle technische Impulse. Gerne bieten wir Ihnen auch die Perspektive die fachliche Leitung eines Projektteams zu übernehmen.</li>
</ul>
<p>Was Sie mitbringen:</p>
<ul>
<li>Ein abgeschlossenes Studium der (techn.) Informatik, Software/Systems- Engineering, Elektrotechnik o.ä.</li>
<li>Mehrjährige Berufserfahrung als DevOps-Engineer und sicherer Umgang mit gängigen DevOps-Tools wie Jenkins (CI/CD), Git, Jira sowie mit „Infrastructure as Code“-Implementierung (z.B. Ansible)</li>
<li>Fundierte Programmierkenntnisse (z.B. in C, C++, C# oder Python)</li>
<li>Tiefergehende Kenntnisse der Ethernet-Protokolle (TCP/IP, UDP, VLAN/VxLAN) sowie Routing und Switching</li>
<li>Praktische Erfahrung mit Virtualisierungsumgebungen wie VMware, Virtualbox und QEMU</li>
<li>Erfahrung in der Entwicklung auf Linux-basierten Systemen sind von Vorteil</li>
<li>Sie möchten Ihre Ideen einbringen und haben Spaß an der Lösung von komplexen Fragestellungen</li>
</ul>
<p>Wenn Sie auf der Suche nach neuen Herausforderungen sind, Lust haben sich und Ihre Fähigkeiten in ein hoch motiviertes Team einzubringen und in einem dynamischen Umfeld an anspruchsvollen Lösungen für die Fahrzeuge von morgen zu arbeiten, dann sollten wir uns kennenlernen.</p>
<p>Was wir können:</p>
<ul>
<li>Verantwortungsvolle Aufgaben</li>
<li>Patenmodell</li>
<li>Flexible Arbeitszeiten</li>
<li>Eigenverantwortliches Arbeiten</li>
<li>Firmeninterne Kantine</li>
<li>Konzernweites ""Netzwerken""</li>
<li>Rabatte</li>
<li>Mobiles Arbeiten</li>
<li>Sabbatical</li>
<li>Flache Hierarchien</li>
</ul>
<p>Kontakt:
Swetlana Befort
Tel.: +49 7034 656-5579</p>
","<p><a href=""https://bertrandtgroup.jobbase.io/apply/vy3rxxu987lqjaftqjaftaj3yfl03ri"">https://bertrandtgroup.jobbase.io/apply/vy3rxxu987lqjaftqjaftaj3yfl03ri</a></p>
",
"0cbbfe2b-5dcf-45f9-94bf-b74882b593ff","Full Time","https://jobs.github.com/positions/0cbbfe2b-5dcf-45f9-94bf-b74882b593ff","Fri May 14 08:12:18 UTC 2021","Bertrandt Technikum GmbH Ehningen",http:,Ehningen,"Entwicklungsingenieur (m/w/d) AUTOSAR","<p>Entwicklungsingenieur (m/w/d) AUTOSAR
Arbeitsort: Ehningen</p>
<p>Was Sie erwartet:
In dieser Position haben Sie die Möglichkeit Ihren Beitrag zur Entwicklung der Fahrzeuge der Zukunft zu leisten
- Sie sind verantwortlich für die Integration von AUTOSAR Standard Software zur Durchführung von Validierungsmaßnahmen</p>
<ul>
<li>Sie analysieren, dokumentieren die Software-Fehlerbilder und erstellen die Testfälle anhand von Testspezifikationen</li>
<li>Eigenverantwortlich führen Sie die Software White- und Black-Box Tests im Umfeld von AUTOSAR Integrationen durch und wirken bei technischen Reviews mit</li>
<li>Außerdem sind Sie für die Erweiterung und Pflege von Entwicklungsumgebungen sowie die Validierung von AUTOSAR ECU Extrakten und Stacks zuständig</li>
<li>Zu Ihren Aufgaben gehören ebenfalls die Evaluierung neuer AUTOSAR Features, die Inbetriebnahme und Debuggen von Prototyp-Steuergeräten sowie die Durchführung von Gateway Routing-Tests an Seriensteuergeräten</li>
</ul>
<p>Was Sie mitbringen:</p>
<ul>
<li>Ein Abgeschlossenes technisches Studium (bspw. Elektrotechnik oder technische Informatik)</li>
<li>Praktische Erfahrungen in der Embedded Softwareentwicklung sowie erste Kenntnisse im Bereich AUTOSAR</li>
<li>Gute Programmierkenntnisse in C, C++, CAPL sowie Kenntnisse und Erfahrung in der Anwendung der Vector Toolkette (CANoe, etc.)</li>
<li>Erste Erfahrungen mit dem AUTOSAR Konfigurationstool DaVinci wären vorteilhaft</li>
<li>Außerdem bringen Sie Interesse an der Elektrotechnik mit und zeigen gerne Eigeninitiative</li>
<li>Sichere Sprachkenntnisse in Deutsch und Englisch bringen Sie ebenfalls mit</li>
</ul>
<p>Werden Sie Teil unserer Software Community, in der Sie eigene Ideen einbringen und verwirklichen können!
Neben einer abwechslungsreichen Projektlandschaft bieten wir Ihnen ebenso ein hohes Maß an Eigenverantwortung und die tatkräftige Unterstützung qualifizierter Teams.
Wenn Sie Lust haben, die Zukunft des Automobil mitzugestalten, dann sollten wir uns kennenlernen.</p>
<p>Was wir können:</p>
<ul>
<li>Verantwortungsvolle Aufgaben</li>
<li>Intensive Einarbeitung</li>
<li>Patenmodell</li>
<li>Flexible Arbeitszeiten</li>
<li>Eigenverantwortliches Arbeiten</li>
<li>Konzernweites ""Netzwerken""</li>
<li>Trainingsangebote</li>
<li>Rabatte</li>
<li>Mobiles Arbeiten</li>
<li>Flache Hierarchien</li>
</ul>
<p>Kontakt:
Swetlana Befort
Tel.: +49 7034 656-5579</p>
<p>Stellenanzeige teilen:</p>
","<p><a href=""https://bertrandtgroup.jobbase.io/apply/krjxavmlljhlwvli7c0r4burof6gt1j"">https://bertrandtgroup.jobbase.io/apply/krjxavmlljhlwvli7c0r4burof6gt1j</a></p>
",
"e77ee3ad-0c35-4c10-b825-5848bf0a6b22","Full Time","https://jobs.github.com/positions/e77ee3ad-0c35-4c10-b825-5848bf0a6b22","Fri May 14 08:08:00 UTC 2021","Bertrandt Technikum GmbH Ehningen ",http:,Ehningen,"Senior Software-Entwickler (m/w/d) Automotive-IT für CO-Simulationsumgebungen","<p>Senior Software-Entwickler (m/w/d) Automotive-IT für CO-Simulationsumgebungen
Arbeitsort: Ehningen</p>
<p>Was Sie erwartet:
Das Auto von morgen ist nicht mehr nur ein Fahrzeug, mit dem man schnell fahren kann, vielmehr wird es zum Kundenerlebnis. Es wird maßgeblich durch seine Software sowie die Performance der darunterliegenden IT bestimmt. Die komplexeren Softwarearchitekturen erfordern die Abkehr von klassischen Absicherungsmethoden hin zu skalierbaren, virtuellen Frameworks. Wir bei Bertrandt denken die Zukunft der Softwareabsicherung in der Automobilbranche komplett neu.</p>
<pre><code>- Werden Sie Teil der Entwicklung virtueller und hochautomatisierter CI/CD-Frameworks um die Herausforderungen von morgen lösen zu können.
</code></pre>
<ul>
<li>In dieser Position können Sie die spannende Vereinigung von Automobil- und IT-Welten nicht nur beobachten, sondern können dabei direkt mitwirken.</li>
<li>Sie verantworten die Konzeptionierung, Implementierung und die Inbetriebnahme einzelner Bausteine für virtualisierte Testumgebungen, welche bis in die Cloud skalierbar sind.</li>
<li>Als Experte in Ihrem Fachgebiet geben Sie wertvolle technische Impulse. Gerne bieten wir Ihnen auch die Perspektive die fachliche Leitung eines Projektteams zu übernehmen.</li>
</ul>
<p>Was Sie mitbringen:
- Abgeschlossenes Studium der (techn.) Informatik, Software/Systems- Engineering, der Elektrotechnik oder vergleichbar</p>
<ul>
<li>Idealerweise erste Berufserfahrungen</li>
<li>Gute Programmierkenntnisse (z.B. in C, C++, C# oder Python)</li>
<li>Gute Kenntnis der gängigen Fahrzeugbussysteme: CAN(FD), FlexRay, Automotive Ethernet</li>
<li>Sicherer Umgang in Linux ist wünschenswert</li>
<li>Praktische Erfahrung in Tools aus der agilen Softwareentwicklung (Jira, Git, Jenkins)</li>
<li>Sie möchten Ihre Ideen einbringen und haben Spaß an der Lösung von komplexen Fragestellungen</li>
<li>Sie sind ein Teamplayer und möchten gemeinsam etwas bewegen</li>
<li>Sie haben bereits erste Erfahrungen in einem der folgenden Tools sammeln können: Synopsys Silver oder Vector CANoe sowie PROVEtech:TA</li>
<li>Erfahrungen im HiL/SiL- Umfeld sind von Vorteil</li>
</ul>
<p>Wenn Sie auf der Suche nach neuen Herausforderungen sind, Lust haben sich und Ihre Fähigkeiten in ein hoch motiviertes Team einzubringen und in einem dynamischen Umfeld an anspruchsvollen Lösungen für die Fahrzeuge von morgen zu arbeiten, dann sollten wir uns kennenlernen.</p>
<p>Was wir können:</p>
<ul>
<li>Verantwortungsvolle Aufgaben</li>
<li>Patenmodell</li>
<li>Flexible Arbeitszeiten</li>
<li>Eigenverantwortliches Arbeiten</li>
<li>Firmeninterne Kantine</li>
<li>Konzernweites ""Netzwerken""</li>
<li>Kostenfreie Getränke</li>
<li>Trainingsangebote</li>
<li>Mobiles Arbeiten</li>
<li>Flache Hierarchien</li>
</ul>
<p>Kontakt:
Swetlana Befort
Tel.: +49 7034 656-5579</p>
","<p><a href=""https://bertrandtgroup.jobbase.io/apply/s5hbn9b3mcxcts4nrtt0fmw9vwpoygy"">https://bertrandtgroup.jobbase.io/apply/s5hbn9b3mcxcts4nrtt0fmw9vwpoygy</a></p>
",
